{
  "$schema": "https://json-schema.org/draft/2020-12/schema",
  "title": "order confirmed",
  "description": "order confirmed",
  "type": "object",
  "properties": {
    "event_id": {
      "type": "integer"
    },
    "order_id": {
      "type": "integer"
    },
    "creation_date": {
      "type": "string",
      "format": "date-time"
    },
    "event_body": {
      "type": "object",
      "properties": {
        "line_items_stocked": {
          "type": "array",
          "items": {
            "type": "object",
            "properties": {
              "product_id": {
                "type": "integer"
              },
              "product_name": {
                "type": "string"
              },
              "ordered_quantity": {
                "type": "integer"
              },
              "items_in_stock": {
                "type": "integer"
              },
              "in_stock": {
                "type": "boolean"
              }
            }
          }
        },
        "customer_id": {
          "type": "string",
          "format": "email"
        },
        "customer_address": {
          "type": "array",
          "prefixItems": [
            {
              "type": "string"
            },
            {
              "type": "integer"
            },
            {
              "type": "integer"
            },
            {
              "type": "string"
            }
          ]
        },
        "payment_received": {
          "type": "boolean"
        }
      }
    }
  }
}
