{
  "$schema": "https://json-schema.org/draft/2020-12/schema",
  "title": "order picked and packed",
  "description": "order picked and packed",
  "type": "object",
  "properties": {
    "event_id": {
      "type": "integer"
    },
    "order_id": {
      "type": "integer"
    },
    "creation_date": {
      "type": "string",
      "format": "date-time"
    },
    "event_body": {
      "type": "object",
      "properties": {
        "packed_items": {
          "type": "array",
          "items": {
            "type": "object",
            "properties": {
              "product_id": {
                "type": "integer"
              },
              "product_name": {
                "type": "string"
              },
              "packed_quantity": {
                "type": "integer"
              }
            }
          }
        },
          "customer_delivery_address": {
          "type": "array",
          "prefixItems": [
            {
              "type": "string"
            },
            {
              "type": "integer"
            },
            {
              "type": "integer"
            },
            {
              "type": "string"
            }
          ]
        },
        "payment_received": {
          "type": "boolean"
        }
      }
    }
  }
}

