{
  "$schema": "https://json-schema.org/draft/2020-12/schema",
  "title": "order received",
  "description": "order received",
  "type": "object",
  "properties": {
    "event_id": {
      "type": "integer"
    },
    "order_id": {
      "type": "integer"
    },
    "creation_date": {
      "type": "string",
      "format": "date-time"
    },
    "event_body": {
      "type": "object",
      "properties": {
        "order_line_items": {
          "type": "array",
          "items": {
            "type": "object",
            "properties": {
              "product_id": {
                "type": "integer"
              },
              "product_name": {
                "type": "string"
              },
              "price_in_euros_per_unit": {
                "type": "number"
              },
              "quantity": {
                "type": "integer"
              },
              "total_price": {
                "type": "number"
              }
            }
          }
        },
        "customer_id": {
          "type": "string",
          "format": "email"
        },
        "customer_address": {
          "type": "array",
          "prefixItems": [
            {
              "type": "string"
            },
            {
              "type": "integer"
            },
            {
              "type": "integer"
            },
            {
              "type": "string"
            }
          ]
        }
      }
    }
  }
}